{
  "hash": "031592d5",
  "configHash": "67609211",
  "lockfileHash": "7d61dab9",
  "browserHash": "6149bfe5",
  "optimized": {
    "@angular/common": {
      "src": "../../../../../node_modules/@angular/common/fesm2022/common.mjs",
      "file": "@angular_common.js",
      "fileHash": "6da0be77",
      "needsInterop": false
    },
    "@angular/common/http": {
      "src": "../../../../../node_modules/@angular/common/fesm2022/http.mjs",
      "file": "@angular_common_http.js",
      "fileHash": "3f963f8e",
      "needsInterop": false
    },
    "@angular/core": {
      "src": "../../../../../node_modules/@angular/core/fesm2022/core.mjs",
      "file": "@angular_core.js",
      "fileHash": "d36ba282",
      "needsInterop": false
    },
    "@angular/forms": {
      "src": "../../../../../node_modules/@angular/forms/fesm2022/forms.mjs",
      "file": "@angular_forms.js",
      "fileHash": "d9d484fd",
      "needsInterop": false
    },
    "@angular/material/form-field": {
      "src": "../../../../../node_modules/@angular/material/fesm2022/form-field.mjs",
      "file": "@angular_material_form-field.js",
      "fileHash": "6b59685f",
      "needsInterop": false
    },
    "@angular/material/input": {
      "src": "../../../../../node_modules/@angular/material/fesm2022/input.mjs",
      "file": "@angular_material_input.js",
      "fileHash": "15403e6c",
      "needsInterop": false
    },
    "@angular/material/select": {
      "src": "../../../../../node_modules/@angular/material/fesm2022/select.mjs",
      "file": "@angular_material_select.js",
      "fileHash": "fe365e5d",
      "needsInterop": false
    },
    "@angular/material/sort": {
      "src": "../../../../../node_modules/@angular/material/fesm2022/sort.mjs",
      "file": "@angular_material_sort.js",
      "fileHash": "9cc15e2c",
      "needsInterop": false
    },
    "@angular/material/table": {
      "src": "../../../../../node_modules/@angular/material/fesm2022/table.mjs",
      "file": "@angular_material_table.js",
      "fileHash": "46c21f94",
      "needsInterop": false
    },
    "@angular/platform-browser": {
      "src": "../../../../../node_modules/@angular/platform-browser/fesm2022/platform-browser.mjs",
      "file": "@angular_platform-browser.js",
      "fileHash": "aab1213b",
      "needsInterop": false
    },
    "@angular/platform-browser/animations/async": {
      "src": "../../../../../node_modules/@angular/platform-browser/fesm2022/animations/async.mjs",
      "file": "@angular_platform-browser_animations_async.js",
      "fileHash": "b302e777",
      "needsInterop": false
    },
    "@angular/router": {
      "src": "../../../../../node_modules/@angular/router/fesm2022/router.mjs",
      "file": "@angular_router.js",
      "fileHash": "743a930d",
      "needsInterop": false
    },
    "rxjs": {
      "src": "../../../../../node_modules/rxjs/dist/esm5/index.js",
      "file": "rxjs.js",
      "fileHash": "67e9d676",
      "needsInterop": false
    },
    "@angular/material/icon": {
      "src": "../../../../../node_modules/@angular/material/fesm2022/icon.mjs",
      "file": "@angular_material_icon.js",
      "fileHash": "29a61bd7",
      "needsInterop": false
    },
    "@angular/material/toolbar": {
      "src": "../../../../../node_modules/@angular/material/fesm2022/toolbar.mjs",
      "file": "@angular_material_toolbar.js",
      "fileHash": "3e4b6ed5",
      "needsInterop": false
    },
    "tslib": {
      "src": "../../../../../node_modules/tslib/tslib.es6.mjs",
      "file": "tslib.js",
      "fileHash": "2aec296d",
      "needsInterop": false
    },
    "@angular/material/card": {
      "src": "../../../../../node_modules/@angular/material/fesm2022/card.mjs",
      "file": "@angular_material_card.js",
      "fileHash": "199ff8fe",
      "needsInterop": false
    }
  },
  "chunks": {
    "browser-KVZBSYKE": {
      "file": "browser-KVZBSYKE.js"
    },
    "chunk-3G23663B": {
      "file": "chunk-3G23663B.js"
    },
    "chunk-AGF5XUAG": {
      "file": "chunk-AGF5XUAG.js"
    },
    "chunk-7YFBDMH2": {
      "file": "chunk-7YFBDMH2.js"
    },
    "chunk-46PMW55Z": {
      "file": "chunk-46PMW55Z.js"
    },
    "chunk-OWUQKDKI": {
      "file": "chunk-OWUQKDKI.js"
    },
    "chunk-CW2KX3BH": {
      "file": "chunk-CW2KX3BH.js"
    },
    "chunk-EJ24CZAZ": {
      "file": "chunk-EJ24CZAZ.js"
    },
    "chunk-GEPLDNP4": {
      "file": "chunk-GEPLDNP4.js"
    },
    "chunk-VIEJ24LN": {
      "file": "chunk-VIEJ24LN.js"
    },
    "chunk-BHBYJEJW": {
      "file": "chunk-BHBYJEJW.js"
    },
    "chunk-QOHD3WUR": {
      "file": "chunk-QOHD3WUR.js"
    }
  }
}